-- Sikh Empire: Ranjit Singh
-- Gameplay database package for Civilization VI with Rise & Fall / Gathering Storm.

INSERT OR REPLACE INTO Types (Type, Hash, Kind) VALUES
  ('CIVILIZATION_SIKH_EMPIRE', -1101071576, 'KIND_CIVILIZATION'),
  ('LEADER_RANJIT_SINGH', 750721183, 'KIND_LEADER'),
  ('TRAIT_CIVILIZATION_SIKH_PANJAB', 1320802607, 'KIND_TRAIT'),
  ('TRAIT_LEADER_SIKH_MIRI_PIRI', -295572562, 'KIND_TRAIT'),
  ('TRAIT_CIVILIZATION_UNIT_SIKH_AKALI_NIHANG', 2055781678, 'KIND_TRAIT'),
  ('TRAIT_CIVILIZATION_UNIT_SIKH_MISLDAR_CAVALRY', -1714481297, 'KIND_TRAIT'),
  ('TRAIT_CIVILIZATION_BUILDING_SIKH_GURDWARA', 1003075137, 'KIND_TRAIT'),
  ('UNIT_SIKH_AKALI_NIHANG', 547893604, 'KIND_UNIT'),
  ('UNIT_SIKH_MISLDAR_CAVALRY', 1218111660, 'KIND_UNIT'),
  ('BUILDING_SIKH_GURDWARA_SAHIB', -1261083125, 'KIND_BUILDING'),
  ('ABILITY_SIKH_KHALSA_DISCIPLINE', 330099759, 'KIND_ABILITY'),
  ('ABILITY_SIKH_AKALI_NIHANG', 298365162, 'KIND_ABILITY'),
  ('ABILITY_SIKH_MISLDAR_CAVALRY', -870640059, 'KIND_ABILITY'),
  ('ABILITY_SIKH_COMBAT_BONUS_OTHER_RELIGION', 2061533584, 'KIND_ABILITY'),
  ('NAMED_RIVER_SUTLEJ', 1965626318, 'KIND_NAMED_RIVER'),
  ('NAMED_RIVER_BEAS', -228132823, 'KIND_NAMED_RIVER'),
  ('NAMED_RIVER_RAVI', 1570208390, 'KIND_NAMED_RIVER'),
  ('NAMED_RIVER_CHENAB', 1863969732, 'KIND_NAMED_RIVER'),
  ('NAMED_RIVER_JHELUM', -175922010, 'KIND_NAMED_RIVER'),
  ('NAMED_RIVER_INDUS_SINDHU', 23587626, 'KIND_NAMED_RIVER'),
  ('NAMED_RIVER_GHAGGAR', -1738137025, 'KIND_NAMED_RIVER'),
  ('NAMED_MOUNTAIN_HIMALAYA_SIKH', 1117202601, 'KIND_NAMED_MOUNTAIN'),
  ('NAMED_MOUNTAIN_PIR_PANJAL', 1117202602, 'KIND_NAMED_MOUNTAIN'),
  ('NAMED_MOUNTAIN_SALT_RANGE', 1117202603, 'KIND_NAMED_MOUNTAIN'),
  ('NAMED_MOUNTAIN_ZANSKAR', 1117202604, 'KIND_NAMED_MOUNTAIN'),
  ('NAMED_LAKE_DAL', 1117202605, 'KIND_NAMED_LAKE'),
  ('NAMED_LAKE_WULAR', 1117202606, 'KIND_NAMED_LAKE'),
  ('NAMED_LAKE_PANGONG_TSO', 1117202607, 'KIND_NAMED_LAKE'),
  ('NAMED_DESERT_THAL', 1117202608, 'KIND_NAMED_DESERT'),
  ('NAMED_DESERT_CHOLISTAN', 1117202609, 'KIND_NAMED_DESERT'),
  ('NAMED_VOLCANO_NANGA_PARBAT', 1117202610, 'KIND_NAMED_VOLCANO'),
  ('NAMED_SEA_GULF_OF_KUTCH', 1117202611, 'KIND_NAMED_SEA'),
  ('NAMED_SEA_ARABIAN_SEA_SIKH', 1117202612, 'KIND_NAMED_SEA');

INSERT OR REPLACE INTO Civilizations
  (CivilizationType, Name, Description, Adjective, StartingCivilizationLevelType, RandomCityNameDepth, Ethnicity)
VALUES
  ('CIVILIZATION_SIKH_EMPIRE', 'LOC_CIVILIZATION_SIKH_EMPIRE_NAME', 'LOC_CIVILIZATION_SIKH_EMPIRE_DESCRIPTION', 'LOC_CIVILIZATION_SIKH_EMPIRE_ADJECTIVE', 'CIVILIZATION_LEVEL_FULL_CIV', 10, 'ETHNICITY_ASIAN');

INSERT OR REPLACE INTO Leaders
  (LeaderType, Name, InheritFrom, SceneLayers)
VALUES
  ('LEADER_RANJIT_SINGH', 'LOC_LEADER_RANJIT_SINGH_NAME', 'LEADER_DEFAULT', 4);

INSERT OR REPLACE INTO CivilizationLeaders
  (CivilizationType, LeaderType, CapitalName)
VALUES
  ('CIVILIZATION_SIKH_EMPIRE', 'LEADER_RANJIT_SINGH', 'LOC_CITY_NAME_LAHORE');

INSERT OR REPLACE INTO Colors (Type, Color) VALUES
  ('COLOR_PLAYER_SIKH_SAFFRON', '255,153,51,255'),
  ('COLOR_PLAYER_SIKH_BLACK', '12,12,12,255'),
  ('COLOR_PLAYER_SIKH_BLUE', '15,56,96,255'),
  ('COLOR_PLAYER_SIKH_GOLD', '237,188,73,255'),
  ('COLOR_PLAYER_SIKH_WHITE', '246,239,216,255'),
  ('COLOR_PLAYER_SIKH_GREEN', '8,84,56,255');

INSERT OR REPLACE INTO PlayerColors
  (Type, Usage, PrimaryColor, SecondaryColor)
VALUES
  ('LEADER_RANJIT_SINGH', 'Unique', 'COLOR_PLAYER_SIKH_SAFFRON', 'COLOR_PLAYER_SIKH_BLACK'),
  ('CIVILIZATION_SIKH_EMPIRE', 'Unique', 'COLOR_PLAYER_SIKH_SAFFRON', 'COLOR_PLAYER_SIKH_BLACK');

INSERT OR REPLACE INTO Traits
  (TraitType, Name, Description)
VALUES
  ('TRAIT_CIVILIZATION_SIKH_PANJAB', 'LOC_TRAIT_CIVILIZATION_SIKH_PANJAB_NAME', 'LOC_TRAIT_CIVILIZATION_SIKH_PANJAB_DESCRIPTION'),
  ('TRAIT_LEADER_SIKH_MIRI_PIRI', 'LOC_TRAIT_LEADER_SIKH_MIRI_PIRI_NAME', 'LOC_TRAIT_LEADER_SIKH_MIRI_PIRI_DESCRIPTION'),
  ('TRAIT_CIVILIZATION_UNIT_SIKH_AKALI_NIHANG', 'LOC_TRAIT_CIVILIZATION_UNIT_SIKH_AKALI_NIHANG_NAME', NULL),
  ('TRAIT_CIVILIZATION_UNIT_SIKH_MISLDAR_CAVALRY', 'LOC_TRAIT_CIVILIZATION_UNIT_SIKH_MISLDAR_CAVALRY_NAME', NULL),
  ('TRAIT_CIVILIZATION_BUILDING_SIKH_GURDWARA', 'LOC_TRAIT_CIVILIZATION_BUILDING_SIKH_GURDWARA_NAME', NULL);

INSERT OR REPLACE INTO CivilizationTraits (CivilizationType, TraitType) VALUES
  ('CIVILIZATION_SIKH_EMPIRE', 'TRAIT_CIVILIZATION_SIKH_PANJAB'),
  ('CIVILIZATION_SIKH_EMPIRE', 'TRAIT_CIVILIZATION_UNIT_SIKH_AKALI_NIHANG'),
  ('CIVILIZATION_SIKH_EMPIRE', 'TRAIT_CIVILIZATION_UNIT_SIKH_MISLDAR_CAVALRY'),
  ('CIVILIZATION_SIKH_EMPIRE', 'TRAIT_CIVILIZATION_BUILDING_SIKH_GURDWARA');

INSERT OR REPLACE INTO LeaderTraits (LeaderType, TraitType) VALUES
  ('LEADER_RANJIT_SINGH', 'TRAIT_LEADER_SIKH_MIRI_PIRI');

INSERT OR REPLACE INTO LoadingInfo
  (LeaderType, ForegroundImage, BackgroundImage, EraText, LeaderText, PlayDawnOfManAudio, DawnOfManLeaderId)
VALUES
  ('LEADER_RANJIT_SINGH', 'Leader_RanjitSingh_LoadingForeground', 'Leader_RanjitSingh_Background', 'LOC_LOADING_INFO_LEADER_RANJIT_SINGH_ERA', 'LOC_LOADING_INFO_LEADER_RANJIT_SINGH', 0, 'LEADER_RANJIT_SINGH');

INSERT OR REPLACE INTO FavoredReligions (LeaderType, ReligionType) VALUES
  ('LEADER_RANJIT_SINGH', 'RELIGION_SIKHISM');

INSERT OR REPLACE INTO StartBiasRivers (CivilizationType, Tier) VALUES
  ('CIVILIZATION_SIKH_EMPIRE', 1);

INSERT OR REPLACE INTO CityNames (CivilizationType, CityName) VALUES
  ('CIVILIZATION_SIKH_EMPIRE', 'LOC_CITY_NAME_LAHORE'),
  ('CIVILIZATION_SIKH_EMPIRE', 'LOC_CITY_NAME_AMRITSAR'),
  ('CIVILIZATION_SIKH_EMPIRE', 'LOC_CITY_NAME_GUJRANWALA'),
  ('CIVILIZATION_SIKH_EMPIRE', 'LOC_CITY_NAME_MULTAN'),
  ('CIVILIZATION_SIKH_EMPIRE', 'LOC_CITY_NAME_PESHAWAR'),
  ('CIVILIZATION_SIKH_EMPIRE', 'LOC_CITY_NAME_KASHMIR'),
  ('CIVILIZATION_SIKH_EMPIRE', 'LOC_CITY_NAME_ATTOCK'),
  ('CIVILIZATION_SIKH_EMPIRE', 'LOC_CITY_NAME_RAWALPINDI'),
  ('CIVILIZATION_SIKH_EMPIRE', 'LOC_CITY_NAME_SIALKOT'),
  ('CIVILIZATION_SIKH_EMPIRE', 'LOC_CITY_NAME_JALANDHAR'),
  ('CIVILIZATION_SIKH_EMPIRE', 'LOC_CITY_NAME_LUDHIANA'),
  ('CIVILIZATION_SIKH_EMPIRE', 'LOC_CITY_NAME_PATIALA'),
  ('CIVILIZATION_SIKH_EMPIRE', 'LOC_CITY_NAME_ANANDPUR_SAHIB'),
  ('CIVILIZATION_SIKH_EMPIRE', 'LOC_CITY_NAME_BATALA'),
  ('CIVILIZATION_SIKH_EMPIRE', 'LOC_CITY_NAME_KASUR'),
  ('CIVILIZATION_SIKH_EMPIRE', 'LOC_CITY_NAME_DERA_GHAZI_KHAN'),
  ('CIVILIZATION_SIKH_EMPIRE', 'LOC_CITY_NAME_DERA_ISMAIL_KHAN'),
  ('CIVILIZATION_SIKH_EMPIRE', 'LOC_CITY_NAME_HAZARA'),
  ('CIVILIZATION_SIKH_EMPIRE', 'LOC_CITY_NAME_BANNU'),
  ('CIVILIZATION_SIKH_EMPIRE', 'LOC_CITY_NAME_KOHAT'),
  ('CIVILIZATION_SIKH_EMPIRE', 'LOC_CITY_NAME_JAMMU'),
  ('CIVILIZATION_SIKH_EMPIRE', 'LOC_CITY_NAME_SRINAGAR'),
  ('CIVILIZATION_SIKH_EMPIRE', 'LOC_CITY_NAME_ROHTAS'),
  ('CIVILIZATION_SIKH_EMPIRE', 'LOC_CITY_NAME_SHEIKHUPURA'),
  ('CIVILIZATION_SIKH_EMPIRE', 'LOC_CITY_NAME_FEROZEPUR'),
  ('CIVILIZATION_SIKH_EMPIRE', 'LOC_CITY_NAME_GURDASPUR'),
  ('CIVILIZATION_SIKH_EMPIRE', 'LOC_CITY_NAME_HOSHIARPUR'),
  ('CIVILIZATION_SIKH_EMPIRE', 'LOC_CITY_NAME_MUZAFFARABAD'),
  ('CIVILIZATION_SIKH_EMPIRE', 'LOC_CITY_NAME_LEH'),
  ('CIVILIZATION_SIKH_EMPIRE', 'LOC_CITY_NAME_GILGIT');

INSERT OR REPLACE INTO NamedRivers (NamedRiverType, Name) VALUES
  ('NAMED_RIVER_SUTLEJ', 'LOC_NAMED_RIVER_SUTLEJ_NAME'),
  ('NAMED_RIVER_BEAS', 'LOC_NAMED_RIVER_BEAS_NAME'),
  ('NAMED_RIVER_RAVI', 'LOC_NAMED_RIVER_RAVI_NAME'),
  ('NAMED_RIVER_CHENAB', 'LOC_NAMED_RIVER_CHENAB_NAME'),
  ('NAMED_RIVER_JHELUM', 'LOC_NAMED_RIVER_JHELUM_NAME'),
  ('NAMED_RIVER_INDUS_SINDHU', 'LOC_NAMED_RIVER_INDUS_SINDHU_NAME'),
  ('NAMED_RIVER_GHAGGAR', 'LOC_NAMED_RIVER_GHAGGAR_NAME');

INSERT OR REPLACE INTO NamedRiverCivilizations (NamedRiverType, CivilizationType) VALUES
  ('NAMED_RIVER_SUTLEJ', 'CIVILIZATION_SIKH_EMPIRE'),
  ('NAMED_RIVER_BEAS', 'CIVILIZATION_SIKH_EMPIRE'),
  ('NAMED_RIVER_RAVI', 'CIVILIZATION_SIKH_EMPIRE'),
  ('NAMED_RIVER_CHENAB', 'CIVILIZATION_SIKH_EMPIRE'),
  ('NAMED_RIVER_JHELUM', 'CIVILIZATION_SIKH_EMPIRE'),
  ('NAMED_RIVER_INDUS_SINDHU', 'CIVILIZATION_SIKH_EMPIRE'),
  ('NAMED_RIVER_GHAGGAR', 'CIVILIZATION_SIKH_EMPIRE');

INSERT OR REPLACE INTO NamedMountains (NamedMountainType, Name) VALUES
  ('NAMED_MOUNTAIN_HIMALAYA_SIKH', 'LOC_NAMED_MOUNTAIN_HIMALAYA_SIKH_NAME'),
  ('NAMED_MOUNTAIN_PIR_PANJAL', 'LOC_NAMED_MOUNTAIN_PIR_PANJAL_NAME'),
  ('NAMED_MOUNTAIN_SALT_RANGE', 'LOC_NAMED_MOUNTAIN_SALT_RANGE_NAME'),
  ('NAMED_MOUNTAIN_ZANSKAR', 'LOC_NAMED_MOUNTAIN_ZANSKAR_NAME');

INSERT OR REPLACE INTO NamedMountainCivilizations (NamedMountainType, CivilizationType) VALUES
  ('NAMED_MOUNTAIN_HIMALAYA_SIKH', 'CIVILIZATION_SIKH_EMPIRE'),
  ('NAMED_MOUNTAIN_PIR_PANJAL', 'CIVILIZATION_SIKH_EMPIRE'),
  ('NAMED_MOUNTAIN_SALT_RANGE', 'CIVILIZATION_SIKH_EMPIRE'),
  ('NAMED_MOUNTAIN_ZANSKAR', 'CIVILIZATION_SIKH_EMPIRE');

INSERT OR REPLACE INTO NamedLakes (NamedLakeType, Name) VALUES
  ('NAMED_LAKE_DAL', 'LOC_NAMED_LAKE_DAL_NAME'),
  ('NAMED_LAKE_WULAR', 'LOC_NAMED_LAKE_WULAR_NAME'),
  ('NAMED_LAKE_PANGONG_TSO', 'LOC_NAMED_LAKE_PANGONG_TSO_NAME');

INSERT OR REPLACE INTO NamedLakeCivilizations (NamedLakeType, CivilizationType) VALUES
  ('NAMED_LAKE_DAL', 'CIVILIZATION_SIKH_EMPIRE'),
  ('NAMED_LAKE_WULAR', 'CIVILIZATION_SIKH_EMPIRE'),
  ('NAMED_LAKE_PANGONG_TSO', 'CIVILIZATION_SIKH_EMPIRE');

INSERT OR REPLACE INTO NamedDeserts (NamedDesertType, Name) VALUES
  ('NAMED_DESERT_THAL', 'LOC_NAMED_DESERT_THAL_NAME'),
  ('NAMED_DESERT_CHOLISTAN', 'LOC_NAMED_DESERT_CHOLISTAN_NAME');

INSERT OR REPLACE INTO NamedDesertCivilizations (NamedDesertType, CivilizationType) VALUES
  ('NAMED_DESERT_THAL', 'CIVILIZATION_SIKH_EMPIRE'),
  ('NAMED_DESERT_CHOLISTAN', 'CIVILIZATION_SIKH_EMPIRE');

INSERT OR REPLACE INTO NamedVolcanoes (NamedVolcanoType, Name) VALUES
  ('NAMED_VOLCANO_NANGA_PARBAT', 'LOC_NAMED_VOLCANO_NANGA_PARBAT_NAME');

INSERT OR REPLACE INTO NamedVolcanoCivilizations (NamedVolcanoType, CivilizationType) VALUES
  ('NAMED_VOLCANO_NANGA_PARBAT', 'CIVILIZATION_SIKH_EMPIRE');

INSERT OR REPLACE INTO NamedSeas (NamedSeaType, Name) VALUES
  ('NAMED_SEA_GULF_OF_KUTCH', 'LOC_NAMED_SEA_GULF_OF_KUTCH_NAME'),
  ('NAMED_SEA_ARABIAN_SEA_SIKH', 'LOC_NAMED_SEA_ARABIAN_SEA_SIKH_NAME');

INSERT OR REPLACE INTO NamedSeaCivilizations (NamedSeaType, CivilizationType) VALUES
  ('NAMED_SEA_GULF_OF_KUTCH', 'CIVILIZATION_SIKH_EMPIRE'),
  ('NAMED_SEA_ARABIAN_SEA_SIKH', 'CIVILIZATION_SIKH_EMPIRE');

-- Chardi Kala
INSERT OR REPLACE INTO TraitModifiers (TraitType, ModifierId) VALUES
  ('TRAIT_CIVILIZATION_SIKH_PANJAB', 'SIKH_RIVER_CITY_CENTER_FOOD'),
  ('TRAIT_CIVILIZATION_SIKH_PANJAB', 'SIKH_RIVER_CITY_CENTER_FAITH'),
  ('TRAIT_CIVILIZATION_SIKH_PANJAB', 'SIKH_FARMS_RIVER_FAITH'),
  ('TRAIT_CIVILIZATION_SIKH_PANJAB', 'SIKH_FARMS_RIVER_HOLY_PRODUCTION'),
  ('TRAIT_CIVILIZATION_SIKH_PANJAB', 'SIKH_FARMS_RIVER_IRRIGATION_FOOD'),
  ('TRAIT_CIVILIZATION_SIKH_PANJAB', 'SIKH_FARMS_RIVER_CIVIL_ENGINEERING_PRODUCTION'),
  ('TRAIT_CIVILIZATION_SIKH_PANJAB', 'SIKH_FLOODPLAINS_FAITH'),
  ('TRAIT_CIVILIZATION_SIKH_PANJAB', 'SIKH_GRANT_OTHER_RELIGION_COMBAT_ABILITY');

INSERT OR REPLACE INTO Modifiers (ModifierId, ModifierType, SubjectRequirementSetId) VALUES
  ('SIKH_RIVER_CITY_CENTER_FOOD', 'MODIFIER_PLAYER_ADJUST_PLOT_YIELD', 'SIKH_RIVER_CITY_CENTER_REQUIREMENTS'),
  ('SIKH_RIVER_CITY_CENTER_FAITH', 'MODIFIER_PLAYER_ADJUST_PLOT_YIELD', 'SIKH_RIVER_CITY_CENTER_REQUIREMENTS'),
  ('SIKH_FARMS_RIVER_FAITH', 'MODIFIER_PLAYER_ADJUST_PLOT_YIELD', 'SIKH_PLOT_FARM_ADJACENT_RIVER_REQUIREMENTS'),
  ('SIKH_FARMS_RIVER_HOLY_PRODUCTION', 'MODIFIER_PLAYER_ADJUST_PLOT_YIELD', 'SIKH_PLOT_FARM_RIVER_ADJACENT_HOLY_SITE_REQUIREMENTS'),
  ('SIKH_FARMS_RIVER_IRRIGATION_FOOD', 'MODIFIER_PLAYER_ADJUST_PLOT_YIELD', 'SIKH_PLOT_FARM_RIVER_PLAYER_HAS_IRRIGATION_REQUIREMENTS'),
  ('SIKH_FARMS_RIVER_CIVIL_ENGINEERING_PRODUCTION', 'MODIFIER_PLAYER_ADJUST_PLOT_YIELD', 'SIKH_PLOT_FARM_RIVER_PLAYER_HAS_CIVIL_ENGINEERING_REQUIREMENTS'),
  ('SIKH_FLOODPLAINS_FAITH', 'MODIFIER_PLAYER_ADJUST_PLOT_YIELD', 'PLOT_FLOODPLAINS_REQUIREMENTS'),
  ('SIKH_GRANT_OTHER_RELIGION_COMBAT_ABILITY', 'MODIFIER_PLAYER_UNITS_GRANT_ABILITY', NULL);

INSERT OR REPLACE INTO ModifierArguments (ModifierId, Name, Value) VALUES
  ('SIKH_RIVER_CITY_CENTER_FOOD', 'DistrictType', 'DISTRICT_CITY_CENTER'),
  ('SIKH_RIVER_CITY_CENTER_FOOD', 'YieldType', 'YIELD_FOOD'),
  ('SIKH_RIVER_CITY_CENTER_FOOD', 'Amount', '2'),
  ('SIKH_RIVER_CITY_CENTER_FAITH', 'DistrictType', 'DISTRICT_CITY_CENTER'),
  ('SIKH_RIVER_CITY_CENTER_FAITH', 'YieldType', 'YIELD_FAITH'),
  ('SIKH_RIVER_CITY_CENTER_FAITH', 'Amount', '1'),
  ('SIKH_FARMS_RIVER_FAITH', 'YieldType', 'YIELD_FAITH'),
  ('SIKH_FARMS_RIVER_FAITH', 'Amount', '1'),
  ('SIKH_FARMS_RIVER_HOLY_PRODUCTION', 'YieldType', 'YIELD_PRODUCTION'),
  ('SIKH_FARMS_RIVER_HOLY_PRODUCTION', 'Amount', '1'),
  ('SIKH_FARMS_RIVER_IRRIGATION_FOOD', 'YieldType', 'YIELD_FOOD'),
  ('SIKH_FARMS_RIVER_IRRIGATION_FOOD', 'Amount', '1'),
  ('SIKH_FARMS_RIVER_CIVIL_ENGINEERING_PRODUCTION', 'YieldType', 'YIELD_PRODUCTION'),
  ('SIKH_FARMS_RIVER_CIVIL_ENGINEERING_PRODUCTION', 'Amount', '1'),
  ('SIKH_FLOODPLAINS_FAITH', 'YieldType', 'YIELD_FAITH'),
  ('SIKH_FLOODPLAINS_FAITH', 'Amount', '1'),
  ('SIKH_GRANT_OTHER_RELIGION_COMBAT_ABILITY', 'AbilityType', 'ABILITY_SIKH_COMBAT_BONUS_OTHER_RELIGION');

INSERT OR REPLACE INTO RequirementSets (RequirementSetId, RequirementSetType) VALUES
  ('SIKH_RIVER_CITY_CENTER_REQUIREMENTS', 'REQUIREMENTSET_TEST_ALL'),
  ('SIKH_PLOT_FARM_ADJACENT_RIVER_REQUIREMENTS', 'REQUIREMENTSET_TEST_ALL'),
  ('SIKH_PLOT_FARM_RIVER_ADJACENT_HOLY_SITE_REQUIREMENTS', 'REQUIREMENTSET_TEST_ALL'),
  ('SIKH_PLOT_FARM_RIVER_PLAYER_HAS_IRRIGATION_REQUIREMENTS', 'REQUIREMENTSET_TEST_ALL'),
  ('SIKH_PLOT_FARM_RIVER_PLAYER_HAS_CIVIL_ENGINEERING_REQUIREMENTS', 'REQUIREMENTSET_TEST_ALL');

INSERT OR REPLACE INTO RequirementSetRequirements (RequirementSetId, RequirementId) VALUES
  ('SIKH_RIVER_CITY_CENTER_REQUIREMENTS', 'REQUIRES_DISTRICT_IS_CITY_CENTER'),
  ('SIKH_RIVER_CITY_CENTER_REQUIREMENTS', 'REQUIRES_PLOT_ADJACENT_TO_RIVER'),
  ('SIKH_PLOT_FARM_ADJACENT_RIVER_REQUIREMENTS', 'REQUIRES_PLOT_HAS_FARM'),
  ('SIKH_PLOT_FARM_ADJACENT_RIVER_REQUIREMENTS', 'REQUIRES_PLOT_ADJACENT_TO_RIVER'),
  ('SIKH_PLOT_FARM_RIVER_ADJACENT_HOLY_SITE_REQUIREMENTS', 'REQUIRES_PLOT_HAS_FARM'),
  ('SIKH_PLOT_FARM_RIVER_ADJACENT_HOLY_SITE_REQUIREMENTS', 'REQUIRES_PLOT_ADJACENT_TO_RIVER'),
  ('SIKH_PLOT_FARM_RIVER_ADJACENT_HOLY_SITE_REQUIREMENTS', 'REQUIRES_PLOT_ADJACENT_HOLY_SITE'),
  ('SIKH_PLOT_FARM_RIVER_PLAYER_HAS_IRRIGATION_REQUIREMENTS', 'REQUIRES_PLOT_HAS_FARM'),
  ('SIKH_PLOT_FARM_RIVER_PLAYER_HAS_IRRIGATION_REQUIREMENTS', 'REQUIRES_PLOT_ADJACENT_TO_RIVER'),
  ('SIKH_PLOT_FARM_RIVER_PLAYER_HAS_IRRIGATION_REQUIREMENTS', 'SIKH_REQUIRES_PLAYER_HAS_IRRIGATION'),
  ('SIKH_PLOT_FARM_RIVER_PLAYER_HAS_CIVIL_ENGINEERING_REQUIREMENTS', 'REQUIRES_PLOT_HAS_FARM'),
  ('SIKH_PLOT_FARM_RIVER_PLAYER_HAS_CIVIL_ENGINEERING_REQUIREMENTS', 'REQUIRES_PLOT_ADJACENT_TO_RIVER'),
  ('SIKH_PLOT_FARM_RIVER_PLAYER_HAS_CIVIL_ENGINEERING_REQUIREMENTS', 'SIKH_REQUIRES_PLAYER_HAS_CIVIL_ENGINEERING');

INSERT OR REPLACE INTO Requirements (RequirementId, RequirementType) VALUES
  ('SIKH_REQUIRES_PLAYER_HAS_IRRIGATION', 'REQUIREMENT_PLAYER_HAS_TECHNOLOGY'),
  ('SIKH_REQUIRES_PLAYER_HAS_CIVIL_ENGINEERING', 'REQUIREMENT_PLAYER_HAS_CIVIC');

INSERT OR REPLACE INTO RequirementArguments (RequirementId, Name, Value) VALUES
  ('SIKH_REQUIRES_PLAYER_HAS_IRRIGATION', 'TechnologyType', 'TECH_IRRIGATION'),
  ('SIKH_REQUIRES_PLAYER_HAS_CIVIL_ENGINEERING', 'CivicType', 'CIVIC_CIVIL_ENGINEERING');

-- Miri-Piri / Chardi Kala
INSERT OR REPLACE INTO TraitModifiers (TraitType, ModifierId) VALUES
  ('TRAIT_LEADER_SIKH_MIRI_PIRI', 'SIKH_MIRI_PIRI_FAITH_FROM_COMBAT'),
  ('TRAIT_LEADER_SIKH_MIRI_PIRI', 'SIKH_MIRI_PIRI_GRANT_DISCIPLINE'),
  ('TRAIT_LEADER_SIKH_MIRI_PIRI', 'SIKH_MIRI_PIRI_UNIT_PRODUCTION');

INSERT OR REPLACE INTO Modifiers (ModifierId, ModifierType) VALUES
  ('SIKH_MIRI_PIRI_FAITH_FROM_COMBAT', 'MODIFIER_PLAYER_UNITS_ADJUST_POST_COMBAT_YIELD'),
  ('SIKH_MIRI_PIRI_GRANT_DISCIPLINE', 'MODIFIER_PLAYER_UNITS_GRANT_ABILITY'),
  ('SIKH_MIRI_PIRI_UNIT_PRODUCTION', 'MODIFIER_PLAYER_CITIES_ADJUST_MILITARY_UNITS_PRODUCTION');

INSERT OR REPLACE INTO ModifierArguments (ModifierId, Name, Value) VALUES
  ('SIKH_MIRI_PIRI_FAITH_FROM_COMBAT', 'YieldType', 'YIELD_FAITH'),
  ('SIKH_MIRI_PIRI_FAITH_FROM_COMBAT', 'PercentDefeatedStrength', '50'),
  ('SIKH_MIRI_PIRI_GRANT_DISCIPLINE', 'AbilityType', 'ABILITY_SIKH_KHALSA_DISCIPLINE'),
  ('SIKH_MIRI_PIRI_UNIT_PRODUCTION', 'Amount', '15');

-- Unique building: Gurdwara Sahib
INSERT OR REPLACE INTO Buildings
  (BuildingType, Name, Description, PrereqDistrict, PrereqCivic, PurchaseYield, Cost, Maintenance, Housing, CitizenSlots, AdvisorType, TraitType, RequiresReligion)
VALUES
  ('BUILDING_SIKH_GURDWARA_SAHIB', 'LOC_BUILDING_SIKH_GURDWARA_SAHIB_NAME', 'LOC_BUILDING_SIKH_GURDWARA_SAHIB_DESCRIPTION', 'DISTRICT_HOLY_SITE', 'CIVIC_THEOLOGY', 'YIELD_GOLD', 110, 1, 1, 1, 'ADVISOR_RELIGIOUS', 'TRAIT_CIVILIZATION_BUILDING_SIKH_GURDWARA', 1);

INSERT OR REPLACE INTO BuildingReplaces (CivUniqueBuildingType, ReplacesBuildingType) VALUES
  ('BUILDING_SIKH_GURDWARA_SAHIB', 'BUILDING_TEMPLE');

INSERT OR REPLACE INTO BuildingPrereqs (Building, PrereqBuilding) VALUES
  ('BUILDING_SIKH_GURDWARA_SAHIB', 'BUILDING_SHRINE');

INSERT OR REPLACE INTO Building_YieldChanges (BuildingType, YieldType, YieldChange) VALUES
  ('BUILDING_SIKH_GURDWARA_SAHIB', 'YIELD_FAITH', 4),
  ('BUILDING_SIKH_GURDWARA_SAHIB', 'YIELD_FOOD', 2);

INSERT OR REPLACE INTO Building_GreatPersonPoints (BuildingType, GreatPersonClassType, PointsPerTurn) VALUES
  ('BUILDING_SIKH_GURDWARA_SAHIB', 'GREAT_PERSON_CLASS_PROPHET', 1),
  ('BUILDING_SIKH_GURDWARA_SAHIB', 'GREAT_PERSON_CLASS_GENERAL', 1);

-- Unique units
INSERT OR REPLACE INTO Units
  (UnitType, Cost, Maintenance, BaseMoves, BaseSightRange, ZoneOfControl, Domain, Combat, FormationClass, PromotionClass, AdvisorType, Name, Description, PurchaseYield, MandatoryObsoleteTech, PrereqTech, TraitType)
VALUES
  ('UNIT_SIKH_AKALI_NIHANG', 175, 3, 3, 2, 1, 'DOMAIN_LAND', 55, 'FORMATION_CLASS_LAND_COMBAT', 'PROMOTION_CLASS_MELEE', 'ADVISOR_CONQUEST', 'LOC_UNIT_SIKH_AKALI_NIHANG_NAME', 'LOC_UNIT_SIKH_AKALI_NIHANG_DESCRIPTION', 'YIELD_FAITH', 'TECH_REPLACEABLE_PARTS', 'TECH_APPRENTICESHIP', 'TRAIT_CIVILIZATION_UNIT_SIKH_AKALI_NIHANG'),
  ('UNIT_SIKH_MISLDAR_CAVALRY', 340, 5, 5, 2, 1, 'DOMAIN_LAND', 72, 'FORMATION_CLASS_LAND_COMBAT', 'PROMOTION_CLASS_HEAVY_CAVALRY', 'ADVISOR_CONQUEST', 'LOC_UNIT_SIKH_MISLDAR_CAVALRY_NAME', 'LOC_UNIT_SIKH_MISLDAR_CAVALRY_DESCRIPTION', 'YIELD_FAITH', 'TECH_COMBUSTION', 'TECH_BALLISTICS', 'TRAIT_CIVILIZATION_UNIT_SIKH_MISLDAR_CAVALRY');

INSERT OR REPLACE INTO UnitReplaces (CivUniqueUnitType, ReplacesUnitType) VALUES
  ('UNIT_SIKH_AKALI_NIHANG', 'UNIT_MAN_AT_ARMS'),
  ('UNIT_SIKH_MISLDAR_CAVALRY', 'UNIT_CUIRASSIER');

INSERT OR REPLACE INTO UnitUpgrades (Unit, UpgradeUnit) VALUES
  ('UNIT_SIKH_AKALI_NIHANG', 'UNIT_MUSKETMAN'),
  ('UNIT_SIKH_MISLDAR_CAVALRY', 'UNIT_TANK');

INSERT OR REPLACE INTO Tags (Tag, Vocabulary) VALUES
  ('CLASS_SIKH_NIHANG', 'ABILITY_CLASS'),
  ('CLASS_SIKH_MISLDAR', 'ABILITY_CLASS');

INSERT OR REPLACE INTO UnitAiInfos (UnitType, AiType) VALUES
  ('UNIT_SIKH_AKALI_NIHANG', 'UNITAI_COMBAT'),
  ('UNIT_SIKH_AKALI_NIHANG', 'UNITAI_EXPLORE'),
  ('UNIT_SIKH_AKALI_NIHANG', 'UNITTYPE_MELEE'),
  ('UNIT_SIKH_AKALI_NIHANG', 'UNITTYPE_LAND_COMBAT'),
  ('UNIT_SIKH_MISLDAR_CAVALRY', 'UNITAI_COMBAT'),
  ('UNIT_SIKH_MISLDAR_CAVALRY', 'UNITAI_EXPLORE'),
  ('UNIT_SIKH_MISLDAR_CAVALRY', 'UNITTYPE_CAVALRY'),
  ('UNIT_SIKH_MISLDAR_CAVALRY', 'UNITTYPE_LAND_COMBAT');

INSERT OR REPLACE INTO TypeTags (Type, Tag) VALUES
  ('UNIT_SIKH_AKALI_NIHANG', 'CLASS_MELEE'),
  ('UNIT_SIKH_AKALI_NIHANG', 'CLASS_SIKH_NIHANG'),
  ('UNIT_SIKH_MISLDAR_CAVALRY', 'CLASS_HEAVY_CAVALRY'),
  ('UNIT_SIKH_MISLDAR_CAVALRY', 'CLASS_SIKH_MISLDAR'),
  ('ABILITY_SIKH_KHALSA_DISCIPLINE', 'CLASS_RECON'),
  ('ABILITY_SIKH_KHALSA_DISCIPLINE', 'CLASS_MELEE'),
  ('ABILITY_SIKH_KHALSA_DISCIPLINE', 'CLASS_RANGED'),
  ('ABILITY_SIKH_KHALSA_DISCIPLINE', 'CLASS_SIEGE'),
  ('ABILITY_SIKH_KHALSA_DISCIPLINE', 'CLASS_ANTI_CAVALRY'),
  ('ABILITY_SIKH_KHALSA_DISCIPLINE', 'CLASS_LIGHT_CAVALRY'),
  ('ABILITY_SIKH_KHALSA_DISCIPLINE', 'CLASS_HEAVY_CAVALRY'),
  ('ABILITY_SIKH_AKALI_NIHANG', 'CLASS_SIKH_NIHANG'),
  ('ABILITY_SIKH_MISLDAR_CAVALRY', 'CLASS_SIKH_MISLDAR'),
  ('ABILITY_SIKH_COMBAT_BONUS_OTHER_RELIGION', 'CLASS_RECON'),
  ('ABILITY_SIKH_COMBAT_BONUS_OTHER_RELIGION', 'CLASS_MELEE'),
  ('ABILITY_SIKH_COMBAT_BONUS_OTHER_RELIGION', 'CLASS_RANGED'),
  ('ABILITY_SIKH_COMBAT_BONUS_OTHER_RELIGION', 'CLASS_SIEGE'),
  ('ABILITY_SIKH_COMBAT_BONUS_OTHER_RELIGION', 'CLASS_ANTI_CAVALRY'),
  ('ABILITY_SIKH_COMBAT_BONUS_OTHER_RELIGION', 'CLASS_LIGHT_CAVALRY'),
  ('ABILITY_SIKH_COMBAT_BONUS_OTHER_RELIGION', 'CLASS_HEAVY_CAVALRY'),
  ('ABILITY_SIKH_COMBAT_BONUS_OTHER_RELIGION', 'CLASS_NAVAL_MELEE'),
  ('ABILITY_SIKH_COMBAT_BONUS_OTHER_RELIGION', 'CLASS_NAVAL_RANGED');

INSERT OR REPLACE INTO UnitAbilities (UnitAbilityType, Name, Description) VALUES
  ('ABILITY_SIKH_KHALSA_DISCIPLINE', 'LOC_ABILITY_SIKH_KHALSA_DISCIPLINE_NAME', 'LOC_ABILITY_SIKH_KHALSA_DISCIPLINE_DESCRIPTION'),
  ('ABILITY_SIKH_AKALI_NIHANG', 'LOC_ABILITY_SIKH_AKALI_NIHANG_NAME', 'LOC_ABILITY_SIKH_AKALI_NIHANG_DESCRIPTION'),
  ('ABILITY_SIKH_MISLDAR_CAVALRY', 'LOC_ABILITY_SIKH_MISLDAR_CAVALRY_NAME', 'LOC_ABILITY_SIKH_MISLDAR_CAVALRY_DESCRIPTION'),
  ('ABILITY_SIKH_COMBAT_BONUS_OTHER_RELIGION', 'LOC_ABILITY_SIKH_COMBAT_BONUS_OTHER_RELIGION_NAME', 'LOC_ABILITY_SIKH_COMBAT_BONUS_OTHER_RELIGION_DESCRIPTION');

INSERT OR REPLACE INTO UnitAbilityModifiers (UnitAbilityType, ModifierId) VALUES
  ('ABILITY_SIKH_KHALSA_DISCIPLINE', 'SIKH_KHALSA_NO_REDUCTION_DAMAGE'),
  ('ABILITY_SIKH_AKALI_NIHANG', 'SIKH_NIHANG_NO_REDUCTION_DAMAGE'),
  ('ABILITY_SIKH_AKALI_NIHANG', 'SIKH_NIHANG_COMBAT_STRENGTH'),
  ('ABILITY_SIKH_MISLDAR_CAVALRY', 'SIKH_MISLDAR_NO_REDUCTION_DAMAGE'),
  ('ABILITY_SIKH_MISLDAR_CAVALRY', 'SIKH_MISLDAR_COMBAT_STRENGTH'),
  ('ABILITY_SIKH_MISLDAR_CAVALRY', 'SIKH_MISLDAR_ADVANCED_PILLAGING'),
  ('ABILITY_SIKH_COMBAT_BONUS_OTHER_RELIGION', 'SIKH_COMBAT_BONUS_OTHER_RELIGION');

INSERT OR REPLACE INTO Modifiers (ModifierId, ModifierType, SubjectRequirementSetId) VALUES
  ('SIKH_KHALSA_NO_REDUCTION_DAMAGE', 'MODIFIER_PLAYER_UNIT_ADJUST_NO_REDUCTION_DAMAGE', NULL),
  ('SIKH_NIHANG_NO_REDUCTION_DAMAGE', 'MODIFIER_PLAYER_UNIT_ADJUST_NO_REDUCTION_DAMAGE', NULL),
  ('SIKH_NIHANG_COMBAT_STRENGTH', 'MODIFIER_UNIT_ADJUST_COMBAT_STRENGTH', NULL),
  ('SIKH_MISLDAR_NO_REDUCTION_DAMAGE', 'MODIFIER_PLAYER_UNIT_ADJUST_NO_REDUCTION_DAMAGE', NULL),
  ('SIKH_MISLDAR_COMBAT_STRENGTH', 'MODIFIER_UNIT_ADJUST_COMBAT_STRENGTH', NULL),
  ('SIKH_MISLDAR_ADVANCED_PILLAGING', 'MODIFIER_PLAYER_UNIT_ADJUST_ADVANCED_PILLAGING', NULL),
  ('SIKH_COMBAT_BONUS_OTHER_RELIGION', 'MODIFIER_UNIT_ADJUST_COMBAT_STRENGTH', 'REQUIREMENTS_OPPONENT_IS_OTHER_RELIGION');

INSERT OR REPLACE INTO ModifierArguments (ModifierId, Name, Value) VALUES
  ('SIKH_KHALSA_NO_REDUCTION_DAMAGE', 'NoReduction', 'true'),
  ('SIKH_NIHANG_NO_REDUCTION_DAMAGE', 'NoReduction', 'true'),
  ('SIKH_NIHANG_COMBAT_STRENGTH', 'Amount', '5'),
  ('SIKH_MISLDAR_NO_REDUCTION_DAMAGE', 'NoReduction', 'true'),
  ('SIKH_MISLDAR_COMBAT_STRENGTH', 'Amount', '4'),
  ('SIKH_COMBAT_BONUS_OTHER_RELIGION', 'Amount', '5');
